Id;Nombre;Apellido1;Sexo;Edad;Tipo
1;José Antonio;Baena;H;74;Ingenieria
2;Javier;Fernández;H;53;Ingenieria
3;María José;Pozuelo;M;72;Maestria
4;María Isabel;Morales;M;65;Ingenieria
5;María José;Matos;M;48;Maestria
6;Juan;Rodríguez;H;67;Maestria
7;Javier;Pérez;H;45;Bachillerato
8;Sonia;Alvarado;M;28;Maestria
9;Isabel;López;M;23;Ingenieria
10;Juan José;Domínguez;H;68;Maestria
11;José Luis;Ferrer;H;62;Ingenieria
12;Jorge;Sánchez;H;46;Maestria
13;Alejandro;Ortiz;H;67;Maestria
14;Oriol;Cebrián;H;23;Bachillerato
15;Laura;Jiménez;M;68;Bachillerato
16;Miguel Ángel;Moreno;H;44;Maestria
17;José;Morales;H;40;Ingenieria
18;Ángel;Orellana;H;19;Bachillerato
19;Alberto;Plaza;H;57;Maestria
20;Raúl;Gálvez;H;66;Bachillerato
21;Pilar;Alegre;M;44;Ingenieria
22;Dolores;Roncero;M;29;Ingenieria
23;David;Melero;H;83;Ingenieria
24;María;Martínez;M;58;Maestria
25;Inmaculada;Soler;M;45;Bachillerato
26;Dolores;López;M;65;Maestria
27;Pedro;García;H;65;Ingenieria
28;Francisco Javier;Pérez;H;57;Maestria
29;Eneko;López;H;55;Maestria
30;Manuela;López;M;66;Bachillerato
31;Luis;López;H;72;Maestria
32;Rosario;Martí;M;76;Ingenieria
33;Carmen;Herrera;M;31;Bachillerato
34;Antonio;González;H;45;Ingenieria
35;Antonia;Wu;M;83;Ingenieria
36;Jorge;Peña;H;71;Bachillerato
37;Carlos;Martínez;H;57;Maestria
38;Teresa;Bonilla;M;68;Maestria
39;Josefa;Guerrero;M;42;Ingenieria
40;Jaume;Varela;H;20;Maestria
41;Inmaculada;Ibarra;M;75;Maestria
42;Ana;Sánchez;M;28;Maestria
43;Alejandro;Cuadros;H;70;Maestria
44;María Carmen;Wang;M;49;Bachillerato
45;Ángeles;Sánchez;M;60;Ingenieria
46;Manuel;Martínez;H;35;Ingenieria
47;Juan;García;H;19;Ingenieria
48;Rafael;Sánchez;H;48;Maestria
49;Mario;Martínez;H;45;Maestria
50;Javier;Domínguez;H;45;Bachillerato
51;Ana María;Ferrer;M;58;Maestria
52;Laura;Santos;M;40;Ingenieria
53;Yolanda;Pardo;M;54;Maestria
54;Juan;Navarro;H;37;Maestria
55;María Carmen;Valverde;M;42;Ingenieria
56;Juan;Ruiz;H;53;Ingenieria
57;Ana;Moreno;M;24;Maestria
58;Juan;Pla;H;32;Ingenieria
59;María Isabel;Pérez;M;67;Ingenieria
60;Adrián;Platero;H;82;Maestria
61;María Pilar;Gallardo;M;41;Maestria
62;Paula;Peris;M;37;Ingenieria
63;Laura;Gisbert;M;40;Maestria
64;Teresa;Gómez;M;22;Bachillerato
65;Antonio;González;H;62;Bachillerato
66;Miguel Ángel;Melero;H;69;Bachillerato
67;Álvaro;Clavijo;H;75;Maestria
68;María Carmen;Rodríguez;M;22;Bachillerato
69;María Isabel;Arnaiz;M;18;Maestria
70;Alberto;Villar;H;44;Ingenieria
71;María José;Alonso;M;54;Bachillerato
72;María Carmen;Fernández;M;28;Ingenieria
73;Jesús;Pérez;H;44;Maestria
74;María Luisa;Radu;M;69;Ingenieria
75;Jesús;Duran;H;76;Maestria
76;María Luisa;Bello;M;53;Ingenieria
77;Xavier;Martí;H;80;Maestria
78;Josefa;Jiménez;M;56;Ingenieria
79;José Manuel;Vélez;H;49;Bachillerato
80;Jesús;Granda;H;82;Ingenieria
81;María Carmen;Lin;M;39;Maestria
82;Laura;Pérez;M;54;Maestria
83;Alberto;Gil;H;60;Bachillerato
84;José Manuel;Llopis;H;20;Maestria
85;Juan Manuel;Rodríguez;H;59;Ingenieria
86;José;García;H;77;Bachillerato
87;Juan Antonio;Martínez;H;68;Maestria
88;María Pilar;González;M;64;Ingenieria
89;Laura;Ferrer;M;34;Maestria
90;José;Menéndez;H;24;Maestria
91;María;Delgado;M;71;Maestria
92;Ángela;Moreno;M;18;Maestria
93;Ramón;Reina;H;64;Bachillerato
94;Dolores;Sáez;M;45;Bachillerato
95;Mercedes;De la Torre;M;78;Bachillerato
96;Mariano;Rivera;H;65;Ingenieria
97;José;Bocanegra;H;40;Maestria
98;José;Fernández;H;30;Bachillerato
99;Francisco;Paz;H;57;Ingenieria
100;Iván;Jiménez;H;76;Ingenieria
101;Carmen;Casas;M;76;Maestria
102;María Jesús;Fernández;M;26;Maestria
103;María Josefa;Paz;M;73;Ingenieria
104;María Ángeles;Tomas;M;34;Ingenieria
105;María;Pons;M;31;Maestria
106;María Luisa;González;M;42;Ingenieria
107;Juan Manuel;González;H;82;Maestria
108;María;Torralbo;M;67;Ingenieria
109;Dolores;Alarcón;M;79;Ingenieria
110;María Teresa;Plaza;M;28;Maestria
111;María;Vaquero;M;84;Ingenieria
112;Ana Isabel;Marín;M;33;Ingenieria
113;Emilio;Segui;H;50;Bachillerato
114;Laura;Gómez;M;30;Bachillerato
115;Paloma;Lorenzo;M;30;Maestria
116;José;García;H;30;Maestria
117;María Teresa;Sáenz;M;26;Maestria
118;Miguel Ángel;Blanco;H;75;Ingenieria
119;Beatriz;Coronado;M;32;Maestria
120;Antonio;Ruiz;H;37;Ingenieria
121;José Luis;Lorenzo;H;24;Bachillerato
122;Pedro;Fernández;H;21;Bachillerato
123;Vicente;Tolosa;H;58;Maestria
124;Beatriz;Martínez;M;24;Bachillerato
125;María Josefa;Rodríguez;M;21;Bachillerato
126;Alejandro;Castell;H;84;Ingenieria
127;Raquel;García;M;60;Ingenieria
128;Laura;Mediavilla;M;77;Maestria
129;Beatriz;Gil;M;57;Ingenieria
130;María;Soriano;M;51;Bachillerato
131;Rubén;Villar;H;83;Ingenieria
132;María Asunción;Martin;M;37;Ingenieria
133;Isabel María;Cárdenas;M;18;Maestria
134;Francisco Javier;Izquierdo;H;25;Ingenieria
135;Ángel;Ramos;H;49;Ingenieria
136;Paula;Muñoz;M;30;Maestria
137;Vicente;Esteve;H;78;Ingenieria
138;Juana;Alonso;M;20;Ingenieria
139;Marta;Alba;M;62;Maestria
140;Ángela;Santos;M;48;Ingenieria
141;Francisco Javier;Solé;H;40;Maestria
142;Marina;Sánchez;M;61;Bachillerato
143;Ángel;González;H;80;Maestria
144;Antonio;Rodríguez;H;48;Ingenieria
145;Diego;Fernández;H;34;Bachillerato
146;Manuel;Díaz;H;25;Ingenieria
147;Sara;Cuenca;M;61;Ingenieria
148;Juan;Venegas;H;54;Bachillerato
149;Rosa;González;M;79;Maestria
150;Concepción;González;M;85;Ingenieria
151;María Dolores;Cantos;M;22;Maestria
152;José Luis;Pérez;H;64;Ingenieria
153;María;Prat;M;72;Maestria
154;Juan José;Ruiz;H;63;Bachillerato
155;Salvador;Rodríguez;H;83;Bachillerato
156;Encarnación;Mohamed;M;83;Ingenieria
157;María José;García;M;23;Maestria
158;María Aranzazu;Segura;M;28;Maestria
159;Manuel;López;H;23;Bachillerato
160;María Pilar;Sánchez;M;63;Ingenieria
161;Carlos;Jaime;H;48;Ingenieria
162;Paula;Alfonso;M;60;Ingenieria
163;Paula;González;M;77;Ingenieria
164;Antonio;Solé;H;32;Ingenieria
165;Rubén;Gil;H;80;Bachillerato
166;Jesús;Navarro;H;51;Ingenieria
167;José Francisco;Carrasco;H;43;Ingenieria
168;Carlos;Rodríguez;H;41;Ingenieria
169;Paula;Soto;M;23;Maestria
170;Manuel;Naranjo;H;30;Maestria
171;Juan Carlos;Gil;H;70;Maestria
172;Pedro;Jiménez;H;39;Ingenieria
173;Carlos;Ruiz;H;56;Maestria
174;María;Rodríguez;M;71;Maestria
175;María Pilar;García;M;60;Bachillerato
176;María Carmen;Berenguer;M;72;Ingenieria
177;Ana;Vidal;M;29;Ingenieria
178;Encarnación;Viñas;M;51;Bachillerato
179;Luis;Sánchez;H;46;Maestria
180;Manuel;Guerra;H;78;Maestria
181;Santiago;Martin;H;72;Bachillerato
182;Pilar;Alba;M;48;Ingenieria
183;Javier;Almazán;H;45;Bachillerato
184;Javier;Camacho;H;30;Maestria
185;Francisco;Vera;H;52;Maestria
186;Pedro;Sánchez;H;49;Ingenieria
187;Diego;Hernández;H;57;Maestria
188;Dolores;Díaz;M;27;Maestria
189;Joan;De la Cruz;H;54;Maestria
190;Pablo;Fernández;H;84;Maestria
191;Marina;Sánchez;M;73;Maestria
192;David;Domínguez;H;28;Bachillerato
193;María Pilar;Barragán;M;35;Ingenieria
194;María Carmen;Fernández;M;66;Ingenieria
195;Teresa;Villa;M;65;Ingenieria
196;Josefa;Rueda;M;77;Bachillerato
197;José;Barrero;H;69;Ingenieria
198;María;De Souza;M;71;Bachillerato
199;Miguel Ángel;Fraile;H;80;Bachillerato
200;Antonio;De la Fuente;H;66;Ingenieria
